Domain,Status,Attractiveness,Demand,Length,Sectors,Created,Expires,Registrar
brief.rent,available,124,19%,5,"Business,Education,General,Law",,,
complete.rent,available,120,21%,8,"Manufacturing,Retail,Technology",,,
second.rent,available,120,23%,6,"General,Mathematics",,,
wizard.rent,available,118,42%,6,"Entertainment,Media,Technology",,,
tenth.rent,available,116,7%,5,Mathematics,,,
flat.rent,available,116,24%,4,"Construction,Real Estate",,,
equal.rent,available,116,19%,5,"Education,General,Law",,,
tonic.rent,available,114,22%,5,"Health and Fitness,Medicine,Science",,,
acute.rent,available,112,9%,5,"Mathematics,Medicine,Science",,,
hotshot.rent,available,112,14%,7,"Business,Entertainment,Sports",,,
abstract.rent,available,108,29%,8,"Arts,Humanities,Science",,,
abiding.rent,available,106,5%,7,"General,Religion",,,
active.rent,available,104,27%,6,"Health and Fitness,Sports,Travel",,,
teen.rent,available,104,14%,4,"Education,Entertainment,Healthcare",,,
expert.rent,resell,104,26%,6,"Business,Education,Technology",04/02/2025 00:42,04/02/2026 23:59,"Xiamen ChinaSource Internet Service Co., Ltd"
eight.rent,available,102,23%,5,"General,Mathematics",,,
captive.rent,available,102,14%,7,"Entertainment,Hospitality,Technology",,,
absent.rent,available,102,8%,6,"Business,Education,Technology",,,
extra.rent,available,102,26%,5,"Fashion,Retail,Technology",,,
ninth.rent,available,100,9%,5,Mathematics,,,
remove.rent,available,100,13%,6,"Construction,Manufacturing,Technology",,,
adjunct.rent,available,100,5%,7,Education,,,
eighth.rent,available,100,6%,6,Mathematics,,,
sixth.rent,available,100,8%,5,Mathematics,,,
whiz.rent,available,100,12%,4,"Business,Education,Technology",,,
third.rent,available,100,16%,5,Mathematics,,,
abrupt.rent,available,100,3%,6,"Medicine,Science",,,
crack.rent,available,100,20%,5,Sports,,,
whizz.rent,available,98,11%,5,"Business,Education,Technology",,,
alamode.rent,available,96,12%,9,Fashion,,,
actual.rent,available,96,22%,6,"Real Estate,Retail,Technology",,,
academic.rent,available,96,20%,8,"Education,Humanities,Science",,,
forgiving.rent,available,96,3%,9,"Healthcare,Religion",,,
doable.rent,available,96,9%,6,"Business,Education,Technology",,,
abject.rent,available,94,7%,6,Humanities,,,
around.rent,available,94,22%,6,"Business,General,Media,Technology",,,
virtuoso.rent,available,94,16%,8,"Arts,Entertainment",,,
about.rent,available,94,28%,5,"Business,General,Media,Technology",,,
adequate.rent,available,94,9%,8,"Education,Healthcare,Technology",,,
nought.rent,available,92,4%,6,Mathematics,,,
exemplary.rent,available,92,5%,9,"Business,Education,Healthcare",,,
adept.rent,available,92,24%,5,"Education,Health and Fitness,Sports",,,
abroad.rent,available,92,12%,6,"Hospitality,Travel",,,
next.rent,available,92,43%,4,"Retail,Technology,Transportation",,,
derelict.rent,available,92,7%,8,"Construction,Real Estate",,,
twentieth.rent,available,92,3%,9,Mathematics,,,
adjective.rent,available,92,5%,9,Education,,,
neutral.rent,available,92,20%,7,"Business,Media,Politics",,,
additional.rent,available,90,8%,10,"Fashion,Retail,Technology",,,
addictive.rent,available,90,9%,9,Healthcare,,,
riveting.rent,available,90,6%,8,"Entertainment,Media,Technology",,,
gripping.rent,available,90,3%,8,"Entertainment,Media,Technology",,,
endearing.rent,available,90,1%,9,"Entertainment,Fashion,Retail",,,
adoring.rent,available,90,2%,7,"Entertainment,Fashion,Retail",,,
leash.rent,available,90,7%,5,"General,Health and Fitness,Retail",,,
abortive.rent,available,90,1%,8,"Medicine,Science",,,
three.rent,available,88,24%,5,Mathematics,,,
sixteen.rent,available,88,11%,7,Mathematics,,,
wide.rent,available,88,18%,4,"Business,Media,Technology",,,
proficient.rent,available,88,8%,10,"Education,Health and Fitness,Sports",,,
twelve.rent,available,88,18%,6,"General,Mathematics",,,
hundred.rent,available,88,14%,7,Mathematics,,,
ace.rent,available,88,34%,3,Sports,,,
fifteen.rent,available,88,13%,7,Mathematics,,,
ten.rent,available,88,28%,3,"General,Mathematics",,,
actionable.rent,available,88,13%,10,"Business,Law",,,
activist.rent,available,88,12%,8,"Humanities,Politics",,,
adlib.rent,available,88,7%,6,Entertainment,,,
eleven.rent,available,88,33%,6,Mathematics,,,
adolescent.rent,available,86,3%,10,"Education,Entertainment,Healthcare",,,
cipher.rent,available,86,29%,6,Mathematics,,,
star.rent,available,86,40%,4,"Entertainment,Media,Sports",,,
recondite.rent,available,86,4%,9,"Arts,Humanities,Science",,,
extempore.rent,available,86,3%,9,Entertainment,,,
xix.rent,available,86,11%,3,Mathematics,,,
xiv.rent,available,86,12%,3,Mathematics,,,
engrossing.rent,available,86,0%,10,"Entertainment,Media,Technology",,,
intent.rent,available,86,25%,6,"Business,Education,Technology",,,
attendant.rent,available,86,5%,9,"Healthcare,Hospitality,Transportation",,,
aboriginal.rent,available,86,10%,10,Humanities,,,
acting.rent,available,84,12%,6,Entertainment,,,
sharp.rent,available,84,34%,5,"Arts,Fashion",,,
adjustable.rent,available,84,3%,10,"Manufacturing,Retail,Technology",,,
thirteen.rent,available,84,10%,8,Mathematics,,,
twentyone.rent,available,84,13%,10,Mathematics,,,
thousand.rent,available,84,8%,8,Mathematics,,,
accessory.rent,available,84,8%,9,"Fashion,Retail,Technology",,,
nineteen.rent,available,84,8%,8,Mathematics,,,
twentytwo.rent,available,84,11%,10,Mathematics,,,
deviate.rent,available,84,12%,7,"Medicine,Science",,,
fourteen.rent,available,84,8%,8,Mathematics,,,
seventeen.rent,available,84,7%,9,Mathematics,,,
enduring.rent,available,82,9%,8,"Health and Fitness,Religion",,,
abenaki.rent,available,82,2%,7,Geography,,,
abkhaz.rent,available,82,1%,6,Geography,,,
absorbent.rent,available,82,3%,9,"Healthcare,Manufacturing,Retail",,,
fivesome.rent,available,82,1%,8,Sports,,,
decade.rent,available,82,10%,6,Mathematics,,,
impromptu.rent,available,82,16%,9,Entertainment,,,
abroach.rent,available,82,1%,7,Food and Beverage,,,
altered.rent,available,82,9%,7,"Medicine,Science",,,
cleansing.rent,available,82,3%,9,Health and Fitness,,,
dozen.rent,available,82,10%,5,Mathematics,,,
abdominal.rent,available,82,1%,9,"Health and Fitness,Medicine",,,
able.rent,available,80,29%,4,"Business,Education,General,Technology",,,
nine.rent,available,80,24%,4,"General,Mathematics",,,
abundant.rent,available,80,19%,8,"Agriculture,Manufacturing,Retail",,,
wiz.rent,available,80,30%,3,"Business,Education,Technology",,,
sequent.rent,available,80,7%,7,"Healthcare,Insurance,Transportation",,,
first.rent,available,80,36%,5,"General,Mathematics",,,
capable.rent,available,80,12%,7,"Business,Education,Technology",,,
yard.rent,resell,80,26%,4,"Construction,General",13/07/2020 18:29,13/07/2026 23:59,"Go Daddy, LLC"
two.rent,available,80,24%,3,Mathematics,,,
seventh.rent,available,80,10%,7,Mathematics,,,
superstar.rent,available,80,18%,9,Entertainment,,,
twenty.rent,available,80,12%,6,Mathematics,,,
absorbable.rent,available,80,0%,10,"Healthcare,Pharmaceuticals,Science",,,
forty.rent,available,80,9%,5,Mathematics,,,
dorsal.rent,available,80,6%,6,"Medicine,Science",,,
absurd.rent,available,80,16%,6,"Arts,Entertainment,Media",,,
adoptable.rent,available,80,3%,9,"Education,Healthcare",,,
worshipful.rent,available,80,1%,10,"Education,Healthcare,Religion",,,
honestly.rent,available,78,9%,8,"Business,Law",,,
low.rent,resell,78,20%,3,"Business,Finance",16/07/2025 20:49,16/07/2026 23:59,"Go Daddy, LLC"
abounding.rent,available,78,2%,9,Agriculture,,,
accidental.rent,available,78,11%,10,"Healthcare,Insurance,Transportation",,,
adorable.rent,available,78,8%,8,"Entertainment,Fashion,Retail",,,
accurate.rent,available,78,16%,8,"Engineering,Mathematics,Science",,,
abkhasian.rent,available,78,1%,9,Geography,,,
absorptive.rent,available,78,1%,10,"Healthcare,Manufacturing,Retail",,,
adrenal.rent,available,78,4%,7,"Education,Healthcare,Science",,,
dormant.rent,available,78,4%,7,"Medicine,Science",,,
sixtynine.rent,available,78,8%,10,Mathematics,,,
accepted.rent,available,78,6%,8,"Business,Education,Technology",,,
recognized.rent,available,78,3%,10,"Business,Education,Technology",,,
athletic.rent,available,78,15%,8,"Health and Fitness,Sports",,,
accessible.rent,available,78,21%,10,"Healthcare,Retail,Technology",,,
acceptable.rent,available,78,5%,10,"Business,Hospitality,Retail",,,
twentysix.rent,available,78,8%,10,Mathematics,,,
adjacent.rent,available,78,9%,8,"Construction,Real Estate,Retail",,,
acceptant.rent,available,78,1%,9,"Education,Healthcare",,,
abkhazian.rent,available,78,1%,9,Geography,,,
recognised.rent,available,78,3%,10,"Business,Education,Technology",,,
hundredth.rent,available,76,1%,9,Mathematics,,,
adaptable.rent,available,76,9%,9,"Business,Education,Technology",,,
auxiliary.rent,available,76,7%,9,"Healthcare,Manufacturing,Technology",,,
resultant.rent,available,76,2%,9,"Healthcare,Insurance,Transportation",,,
adherent.rent,available,76,4%,8,"Politics,Religion",,,
firstrate.rent,available,76,6%,10,Business,,,
improvise.rent,available,76,4%,9,Entertainment,,,
adaptive.rent,available,76,28%,8,"Business,Education,Technology",,,
thousandth.rent,available,76,1%,10,Mathematics,,,
threed.rent,available,76,7%,7,Technology,,,
fifteenth.rent,available,76,2%,9,Mathematics,,,
diamond.rent,available,76,32%,7,Fashion,,,
fourteenth.rent,available,76,1%,10,Mathematics,,,
obscene.rent,available,76,5%,7,"Entertainment,Media",,,
thirteenth.rent,available,76,4%,10,Mathematics,,,
adipose.rent,available,76,2%,7,"Healthcare,Science",,,
ancillary.rent,available,76,6%,9,"Healthcare,Manufacturing,Technology",,,
addable.rent,available,76,2%,7,"Engineering,Mathematics,Science",,,
abrasive.rent,available,76,6%,8,"Construction,Manufacturing",,,
ague.rent,available,76,2%,4,"Geography,Medicine,Science",,,
incidental.rent,available,76,4%,10,"Healthcare,Insurance,Transportation",,,
adhe.rent,available,76,4%,8,"Politics,Religion",,,
acoustic.rent,available,76,14%,8,Science,,,
eighteen.rent,available,76,7%,8,Mathematics,,,
ventral.rent,available,76,3%,7,Science,,,
nineteenth.rent,available,76,3%,10,Mathematics,,,
adhesive.rent,available,76,7%,8,"Construction,Manufacturing,Technology",,,
energizing.rent,available,76,3%,10,"Food and Beverage,Health and Fitness,Travel",,,
manageable.rent,available,74,4%,10,"Business,Education,Technology",,,
accepting.rent,available,74,3%,9,"Education,Healthcare",,,
supra.rent,available,74,25%,5,"Medicine,Science",,,
adapted.rent,available,74,6%,7,"Healthcare,Manufacturing,Technology",,,
single.rent,available,74,19%,6,Sports,,,
activated.rent,available,74,9%,9,"Healthcare,Manufacturing,Technology",,,
abnormal.rent,available,74,16%,8,"Medicine,Science",,,
adamant.rent,available,74,14%,7,Religion,,,
achievable.rent,available,74,4%,10,"Business,Education,Technology",,,
broad.rent,available,74,13%,5,"Entertainment,General,Media",,,
adenoid.rent,available,74,1%,7,"Health and Fitness,Medicine,Science",,,
aberrant.rent,available,74,6%,8,"Medicine,Science",,,
playing.rent,available,74,12%,7,Entertainment,,,
sensation.rent,available,74,7%,9,"Entertainment,Media,Sports",,,
mavin.rent,available,74,7%,5,"Entertainment,Fashion,Technology",,,
skilful.rent,available,74,3%,7,"Education,Health and Fitness,Sports",,,
admirable.rent,available,74,5%,9,"Business,Education,Healthcare",,,
cleared.rent,available,74,7%,7,"Healthcare,Law,Transportation",,,
acuate.rent,available,74,2%,6,"Engineering,Medicine,Science",,,
adrenergic.rent,available,74,1%,10,"Education,Healthcare,Science",,,
realizable.rent,available,74,1%,10,"Business,Education,Technology",,,
addicted.rent,available,72,9%,8,Healthcare,,,
champion.rent,available,72,28%,8,"Entertainment,Health and Fitness,Sports",,,
ternary.rent,available,72,7%,7,Mathematics,,,
aching.rent,available,72,4%,6,Healthcare,,,
trinity.rent,available,72,18%,7,Religion,,,
trey.rent,available,72,14%,4,Sports,,,
existent.rent,available,72,3%,8,"Mathematics,Science",,,
adjectival.rent,available,72,1%,10,Education,,,
engrossed.rent,available,72,1%,9,"Entertainment,Media,Technology",,,
sixtieth.rent,available,72,1%,8,Mathematics,,,
lovely.rent,resell,72,26%,6,"Entertainment,Fashion,Retail",01/05/2023 18:35,01/05/2026 23:59,"Go Daddy, LLC"
adonic.rent,available,72,2%,6,"Arts,Education,Entertainment",,,
improvize.rent,available,72,1%,9,Entertainment,,,
abreast.rent,available,72,2%,7,"Business,Technology",,,
adaptative.rent,available,72,1%,10,"Business,Education,Technology",,,
accustomed.rent,available,72,1%,10,"Business,Education,Humanities",,,
adjunctive.rent,available,72,1%,10,"Healthcare,Manufacturing,Technology",,,
accusative.rent,available,72,0%,10,"Humanities,Law",,,
abloom.rent,available,72,5%,6,Agriculture,,,
adiabatic.rent,available,72,3%,9,"Engineering,Science",,,
ablaze.rent,available,72,6%,6,Entertainment,,,
eightieth.rent,available,72,1%,9,Mathematics,,,
seventieth.rent,available,72,1%,10,Mathematics,,,
absorbed.rent,available,72,2%,8,"Entertainment,Media,Technology",,,
absolutist.rent,available,72,1%,10,"Humanities,Law,Politics",,,
ninetieth.rent,available,72,1%,9,Mathematics,,,
offhand.rent,available,70,2%,7,Entertainment,,,
gymnastic.rent,available,70,3%,9,"Entertainment,Sports",,,
absorbing.rent,available,70,3%,9,"Entertainment,Media,Technology",,,
stillborn.rent,available,70,2%,9,"Medicine,Science",,,
lowdown.rent,available,70,6%,8,"Entertainment,Media",,,
acuminate.rent,available,70,1%,9,"Engineering,Medicine,Science",,,
adamantine.rent,available,70,4%,10,Religion,,,
unity.rent,expired,70,40%,5,Mathematics,08/06/2024 15:44,08/06/2025 23:59,"Spaceship, Inc."
abradant.rent,available,70,1%,8,"Construction,Manufacturing",,,
recumbent.rent,available,70,2%,9,"Healthcare,Medicine,Science",,,
miserable.rent,available,70,4%,9,Humanities,,,
skillful.rent,available,70,9%,8,"Education,Health and Fitness,Sports",,,
abulic.rent,available,70,1%,6,Medicine,,,
adjusted.rent,available,70,5%,8,"Manufacturing,Retail,Technology",,,
accumbent.rent,available,70,1%,9,"Healthcare,Medicine,Science",,,
admired.rent,available,70,5%,7,"Business,Education,Healthcare",,,
practiced.rent,available,70,3%,9,"Education,Health and Fitness,Sports",,,
adored.rent,available,70,6%,6,"Entertainment,Fashion,Retail",,,
tiptop.rent,available,70,24%,6,Fashion,,,
consequent.rent,available,70,3%,10,"Business,Education,General,Technology",,,
ennead.rent,available,68,5%,6,Mathematics,,,
achaean.rent,available,68,2%,7,Humanities,,,
sevener.rent,available,68,1%,7,Mathematics,,,
aroused.rent,available,68,3%,7,"Entertainment,Health and Fitness",,,
accredited.rent,available,68,9%,10,"Business,Education,Healthcare",,,
octonary.rent,available,68,1%,8,Mathematics,,,
acerate.rent,available,68,1%,7,Science,,,
fortieth.rent,available,68,0%,8,Mathematics,,,
thirtieth.rent,available,68,1%,9,Mathematics,,,
overseas.rent,available,68,12%,8,"Hospitality,Travel",,,
abnaki.rent,available,68,1%,6,Geography,,,
vindicated.rent,available,68,2%,10,"Humanities,Law,Politics",,,
scurvy.rent,available,68,3%,6,Humanities,,,
activating.rent,available,68,3%,10,"Healthcare,Manufacturing,Technology",,,
aculeate.rent,available,68,1%,8,"Engineering,Medicine,Science",,,
foursome.rent,available,68,4%,8,Sports,,,
achaian.rent,available,68,2%,7,Humanities,,,
abducent.rent,available,68,0%,8,Medicine,,,
ablative.rent,available,68,3%,8,Science,,,
abkhas.rent,available,68,0%,6,Geography,,,
ane.rent,available,68,12%,3,Mathematics,,,
licensed.rent,available,68,5%,8,"Business,Healthcare,Insurance",,,
stygian.rent,available,68,5%,7,Humanities,,,
fiftieth.rent,available,68,0%,8,Mathematics,,,
aberdonian.rent,available,68,1%,10,Geography,,,
licenced.rent,available,68,2%,8,"Business,Healthcare,Insurance",,,
threesome.rent,available,68,5%,9,Entertainment,,,
disciple.rent,available,68,14%,8,"Education,Religion",,,
decorated.rent,available,68,3%,9,"Entertainment,Fashion,Retail",,,
septenary.rent,available,68,1%,9,Mathematics,,,
sextet.rent,available,66,1%,6,Entertainment,,,
xiii.rent,available,66,9%,4,Mathematics,,,
six.rent,available,66,26%,3,Mathematics,,,
xii.rent,available,66,10%,3,Mathematics,,,
four.rent,available,66,27%,4,Mathematics,,,
acrobatic.rent,available,66,4%,9,"Entertainment,Sports",,,
ninety.rent,available,66,11%,6,Mathematics,,,
acappella.rent,available,66,6%,10,Entertainment,,,
thirty.rent,available,66,8%,6,Mathematics,,,
modish.rent,available,66,5%,6,Fashion,,,
according.rent,available,66,3%,9,"Business,Education,Technology",,,
xxv.rent,available,66,6%,3,Mathematics,,,
deuce.rent,available,66,9%,5,Sports,,,
onec.rent,available,66,6%,5,Mathematics,,,
five.rent,available,66,26%,4,Mathematics,,,
xvii.rent,available,66,5%,4,Mathematics,,,
latest.rent,available,66,18%,6,Technology,,,
century.rent,available,66,17%,7,Education,,,
exonerated.rent,available,66,2%,10,"Humanities,Law,Politics",,,
xxvi.rent,available,66,3%,4,Mathematics,,,
performing.rent,available,66,6%,10,Entertainment,,,
acervate.rent,available,66,1%,8,Science,,,
adorned.rent,available,66,5%,7,"Entertainment,Fashion,Retail",,,
abstinent.rent,available,66,1%,9,"Health and Fitness,Religion",,,
accessary.rent,available,66,1%,9,"Business,Law,Technology",,,
fifty.rent,available,66,12%,5,Mathematics,,,
xvi.rent,available,66,5%,3,Mathematics,,,
xviii.rent,available,66,5%,5,Mathematics,,,
xxi.rent,available,66,10%,3,Mathematics,,,
adopted.rent,available,66,4%,7,"Education,Healthcare",,,
buzzing.rent,available,66,7%,7,"Entertainment,Media,Technology",,,
xxii.rent,available,66,6%,4,Mathematics,,,
teenager.rent,available,66,4%,8,"Education,Entertainment,Healthcare",,,
maven.rent,available,66,30%,5,"Entertainment,Fashion,Technology",,,
clv.rent,available,66,10%,3,Mathematics,,,
tenner.rent,available,66,5%,6,Finance,,,
eighty.rent,available,66,6%,6,Mathematics,,,
scatty.rent,available,64,1%,6,"Arts,Entertainment,Media",,,
adagio.rent,available,64,14%,6,Entertainment,,,
astringent.rent,available,64,1%,10,"Healthcare,Pharmaceuticals",,,
ccc.rent,available,64,38%,3,Mathematics,,,
deviant.rent,available,64,12%,7,"Medicine,Science",,,
absolved.rent,available,64,1%,8,"Humanities,Law,Religion",,,
accordant.rent,available,64,3%,9,"Arts,Entertainment",,,
nondrinker.rent,available,64,1%,10,"Health and Fitness,Religion",,,
acentric.rent,available,64,2%,8,Science,,,
aflame.rent,available,64,3%,6,Entertainment,,,
rising.rent,available,64,18%,6,"Construction,Manufacturing,Real Estate",,,
pungent.rent,available,62,1%,7,Food and Beverage,,,
eleventh.rent,available,62,5%,8,Mathematics,,,
aufait.rent,available,62,3%,7,"Fashion,Media",,,
twodozen.rent,available,62,1%,9,Mathematics,,,
quartet.rent,available,62,7%,7,"Arts,Entertainment",,,
cumulative.rent,available,62,2%,10,"Banking,Finance,Insurance",,,
chiliad.rent,available,62,2%,7,Mathematics,,,
activation.rent,available,62,16%,10,"Healthcare,Manufacturing,Technology",,,
accrued.rent,available,62,2%,7,"Banking,Finance,Insurance",,,
nail.rent,available,62,16%,4,"Construction,Fashion,General,Retail",,,
playacting.rent,available,62,1%,10,Entertainment,,,
accusing.rent,available,62,1%,8,Law,,,
troika.rent,available,62,8%,6,Politics,,,
activistic.rent,available,62,1%,10,"Humanities,Politics",,,
longdozen.rent,available,62,2%,10,Mathematics,,,
aborigine.rent,available,62,1%,9,Humanities,,,
ensuant.rent,available,62,1%,7,"Healthcare,Insurance,Transportation",,,
wrapped.rent,available,62,13%,7,"Fashion,Hospitality,Retail",,,
eighteenth.rent,available,62,1%,10,Mathematics,,,
roughly.rent,available,62,3%,7,"Business,Media,Technology",,,
exculpated.rent,available,62,1%,10,"Humanities,Law,Politics",,,
orso.rent,available,62,9%,5,"Business,Media,Technology",,,
acidic.rent,available,62,5%,6,"Food and Beverage,Science",,,
adoptive.rent,available,62,1%,8,"Education,Healthcare",,,
abo.rent,available,62,15%,3,Science,,,
fortyfour.rent,available,62,6%,10,Mathematics,,,
adjuvant.rent,available,62,5%,8,"Healthcare,Manufacturing,Technology",,,
sixteenth.rent,available,62,1%,9,Mathematics,,,
admissible.rent,available,62,1%,10,"Education,Healthcare,Law",,,
cxx.rent,available,60,10%,3,Mathematics,,,
clxxv.rent,available,60,1%,5,Mathematics,,,
abashed.rent,available,60,1%,7,Humanities,,,
sixty.rent,available,60,13%,5,Mathematics,,,
tertiary.rent,available,60,4%,8,Education,,,
cxxxv.rent,available,60,2%,5,Mathematics,,,
clx.rent,available,60,10%,3,Mathematics,,,
thou.rent,available,60,7%,4,Mathematics,,,
aboveboard.rent,available,60,5%,10,"Business,Law",,,
cxl.rent,available,60,7%,3,Mathematics,,,
xcl.rent,available,60,5%,3,Mathematics,,,
idolized.rent,available,60,3%,8,"Entertainment,Fashion,Retail",,,
idolised.rent,available,60,1%,8,"Entertainment,Fashion,Retail",,,
adnexal.rent,available,60,1%,7,"Agriculture,Manufacturing,Retail",,,
cxxv.rent,available,60,1%,4,Mathematics,,,
octet.rent,available,60,12%,5,Arts,,,
abstainer.rent,available,60,0%,9,"Health and Fitness,Religion",,,
paunchy.rent,available,60,0%,7,"Health and Fitness,Medicine",,,
acceptive.rent,available,60,1%,9,"Education,Healthcare",,,
cxv.rent,available,60,4%,3,Mathematics,,,
adnate.rent,available,60,1%,6,"Agriculture,Manufacturing,Retail",,,
annexal.rent,available,60,1%,7,"Agriculture,Manufacturing,Retail",,,
abstemious.rent,available,60,0%,10,"Food and Beverage,Health and Fitness,Hospitality",,,
cxxx.rent,available,60,4%,4,Mathematics,,,
cautionary.rent,available,60,1%,10,"Business,Education,Healthcare",,,
clxv.rent,available,60,1%,4,Mathematics,,,
clxx.rent,available,60,3%,4,Mathematics,,,
cxlv.rent,available,60,2%,4,Mathematics,,,
clxxx.rent,available,60,1%,5,Mathematics,,,
eightysix.rent,available,60,7%,10,Mathematics,,,
tercet.rent,available,59,2%,6,"Arts,Entertainment,Media",,,
centesimal.rent,available,58,1%,10,Mathematics,,,
sixer.rent,available,58,5%,5,Sports,,,
heptad.rent,available,58,1%,6,Mathematics,,,
accretive.rent,available,58,6%,9,"Banking,Finance,Insurance",,,
sextuplet.rent,available,58,1%,9,Healthcare,,,
alacarte.rent,available,58,11%,10,Food and Beverage,,,
fourscore.rent,available,58,4%,9,Mathematics,,,
pentad.rent,available,58,2%,6,Mathematics,,,
cypher.rent,available,58,29%,6,Mathematics,,,
accoutred.rent,available,58,1%,9,"Fashion,Manufacturing,Retail",,,
addressed.rent,available,58,3%,9,"Business,Technology,Telecommunications",,,
quintet.rent,available,58,8%,7,"Arts,Entertainment",,,
accented.rent,available,58,3%,8,"Arts,Entertainment",,,
justabout.rent,available,58,3%,10,"Business,Media,Technology",,,
actuarial.rent,available,58,8%,9,"Finance,Insurance,Mathematics",,,
adient.rent,available,58,4%,6,"Medicine,Science",,,
twelfth.rent,available,58,2%,7,Mathematics,,,
ache.rent,available,58,7%,4,Healthcare,,,
aucourant.rent,available,58,3%,10,"Fashion,Media",,,
enwrapped.rent,available,58,0%,9,"Entertainment,Fashion,Media",,,
eighter.rent,available,58,2%,7,Mathematics,,,
acetic.rent,available,58,1%,6,"Food and Beverage,Science",,,
fifth.rent,available,58,12%,5,Mathematics,,,
abuzz.rent,available,58,5%,5,"Entertainment,Media,Technology",,,
octad.rent,available,58,5%,5,Mathematics,,,
addible.rent,available,58,2%,7,"Engineering,Mathematics,Science",,,
abused.rent,available,58,5%,6,"Healthcare,Law",,,
niner.rent,available,58,5%,5,Mathematics,,,
tetrad.rent,available,58,5%,6,Mathematics,,,
adjustive.rent,available,58,1%,9,"Manufacturing,Retail,Technology",,,
lxxviii.rent,available,58,1%,7,Mathematics,,,
hexad.rent,available,58,4%,5,Mathematics,,,
abandoned.rent,available,58,10%,9,"Construction,Real Estate",,,
fourth.rent,available,58,13%,6,Mathematics,,,
sixtyone.rent,available,58,3%,9,Mathematics,,,
seventy.rent,available,58,7%,7,Mathematics,,,
abridged.rent,available,58,4%,8,Media,,,
acyclic.rent,available,58,4%,7,"Engineering,Mathematics,Science",,,
closeto.rent,available,58,3%,8,"Business,Media,Technology",,,
lxxx.rent,available,58,2%,4,Mathematics,,,
seven.rent,available,58,36%,5,Mathematics,,,
adhoc.rent,available,58,24%,6,"Business,Engineering,Technology",,,
offhanded.rent,available,58,1%,9,Entertainment,,,
xxxviii.rent,available,56,1%,7,Mathematics,,,
lvii.rent,available,56,1%,4,Mathematics,,,
fiftysix.rent,available,56,4%,9,Mathematics,,,
abeyant.rent,available,56,1%,7,"Business,Law",,,
admissive.rent,available,56,1%,9,"Education,Healthcare,Hospitality",,,
xxxii.rent,available,56,1%,5,Mathematics,,,
fiftyfive.rent,available,56,7%,10,Mathematics,,,
fortynine.rent,available,56,3%,10,Mathematics,,,
thirtytwo.rent,available,56,5%,10,Mathematics,,,
xxxv.rent,available,56,4%,4,Mathematics,,,
xxiii.rent,available,56,5%,5,Mathematics,,,
potbellied.rent,available,56,0%,10,"Health and Fitness,Medicine",,,
admittable.rent,available,56,1%,10,"Education,Healthcare,Hospitality",,,
lvi.rent,available,56,8%,3,Mathematics,,,
xxxiv.rent,available,56,1%,5,Mathematics,,,
accoutered.rent,available,56,0%,10,"Fashion,Manufacturing,Retail",,,
fortyone.rent,available,56,4%,9,Mathematics,,,
xxvii.rent,available,56,3%,5,Mathematics,,,
lviii.rent,available,56,1%,5,Mathematics,,,
abdominous.rent,available,56,0%,10,"Health and Fitness,Medicine",,,
thirtyone.rent,available,56,5%,10,Mathematics,,,
xlviii.rent,available,56,1%,6,Mathematics,,,
maledict.rent,available,56,1%,8,Religion,,,
ilx.rent,available,56,5%,3,Mathematics,,,
terzetto.rent,available,56,3%,8,Arts,,,
aone.rent,available,56,15%,5,Food and Beverage,,,
xxiv.rent,available,56,5%,4,Mathematics,,,
xlv.rent,available,56,6%,3,Mathematics,,,
fiftynine.rent,available,56,4%,10,Mathematics,,,
xliii.rent,available,56,1%,5,Mathematics,,,
appressed.rent,available,56,0%,9,"Agriculture,Manufacturing,Retail",,,
fiftyfour.rent,available,56,3%,10,Mathematics,,,
fortysix.rent,available,56,3%,9,Mathematics,,,
xlvi.rent,available,56,3%,4,Mathematics,,,
lii.rent,available,56,7%,3,Mathematics,,,
fiftytwo.rent,available,56,6%,9,Mathematics,,,
xxxiii.rent,available,56,2%,6,Mathematics,,,
addled.rent,available,56,2%,6,Entertainment,,,
admittible.rent,available,56,1%,10,"Education,Healthcare,Hospitality",,,
xliv.rent,available,56,2%,4,Mathematics,,,
xxxvii.rent,available,56,2%,6,Mathematics,,,
xlvii.rent,available,56,2%,5,Mathematics,,,
xxviii.rent,available,56,1%,6,Mathematics,,,
liii.rent,available,56,4%,4,Mathematics,,,
fortytwo.rent,available,56,17%,9,Mathematics,,,
halfdozen.rent,available,56,1%,10,Mathematics,,,
xli.rent,available,56,5%,3,Mathematics,,,
thirtysix.rent,available,56,5%,10,Mathematics,,,
xxix.rent,available,56,4%,4,Mathematics,,,
fiftyone.rent,available,56,7%,9,Mathematics,,,
triad.rent,available,56,15%,5,Arts,,,
xlii.rent,available,56,5%,4,Mathematics,,,
xxxvi.rent,available,56,1%,5,Mathematics,,,
xxxi.rent,available,56,9%,4,Mathematics,,,
vii.rent,available,54,13%,3,Mathematics,,,
achromatic.rent,available,54,4%,10,Science,,,
abasic.rent,available,54,1%,6,Science,,,
quaternity.rent,available,54,4%,10,Mathematics,,,
accentual.rent,available,54,3%,9,"Arts,Entertainment",,,
adpressed.rent,available,54,0%,9,"Agriculture,Manufacturing,Retail",,,
ternion.rent,available,54,3%,7,Mathematics,,,
scratchy.rent,available,54,3%,8,Fashion,,,
adaxial.rent,available,54,2%,7,Science,,,
quintuplet.rent,available,54,1%,10,"Healthcare,Medicine,Science",,,
aboral.rent,available,54,2%,6,Science,,,
adducting.rent,available,54,1%,9,"Engineering,Mathematics,Science",,,
abhorrent.rent,available,54,1%,9,Humanities,,,
monitory.rent,available,54,3%,8,"Business,Education,Healthcare",,,
abaxial.rent,available,54,1%,7,Science,,,
abient.rent,available,54,1%,6,Science,,,
acoustical.rent,available,54,4%,10,Science,,,
abducens.rent,available,54,1%,8,Medicine,,,
admonitory.rent,available,54,0%,10,"Business,Education,Healthcare",,,
adjuratory.rent,available,54,0%,10,"Law,Politics,Religion",,,
quatern.rent,available,54,2%,7,Mathematics,,,
actuated.rent,available,54,2%,8,"Automotive,Manufacturing,Technology",,,
viii.rent,available,54,6%,4,Mathematics,,,
deserted.rent,available,54,3%,8,"Hospitality,Real Estate",,,
fortyfive.rent,available,54,4%,10,Mathematics,,,
sise.rent,available,54,5%,4,Mathematics,,,
unnatural.rent,available,54,4%,9,"Medicine,Science",,,
deuceace.rent,available,54,2%,9,Sports,,,
iii.rent,available,54,24%,3,Mathematics,,,
threescore.rent,available,54,1%,10,Mathematics,,,
achy.rent,available,54,3%,4,Healthcare,,,
abatable.rent,available,54,1%,8,Law,,,
quaternion.rent,available,54,6%,10,Mathematics,,,
adductive.rent,available,54,0%,9,"Engineering,Mathematics,Science",,,
accursed.rent,available,54,3%,8,"Entertainment,Media,Religion",,,
twoscore.rent,available,54,2%,8,Mathematics,,,
topnotch.rent,available,54,18%,8,Business,,,
abatic.rent,available,54,1%,6,Science,,,
quadruplet.rent,available,54,1%,10,"Healthcare,Medicine,Science",,,
adducent.rent,available,54,1%,8,"Engineering,Mathematics,Science",,,
septet.rent,available,53,1%,6,General,,,
sestet.rent,available,53,1%,6,Arts,,,
decumbent.rent,available,52,1%,9,"Healthcare,Medicine,Science",,,
xciv.rent,available,52,2%,4,Mathematics,,,
lxxxvi.rent,available,52,1%,6,Mathematics,,,
tierce.rent,available,52,3%,6,General,,,
lxxxii.rent,available,52,1%,6,Mathematics,,,
lxxxv.rent,available,52,1%,5,Mathematics,,,
ixc.rent,available,52,5%,3,Mathematics,,,
lxxxiv.rent,available,52,1%,6,Mathematics,,,
lxiii.rent,available,52,2%,5,Mathematics,,,
eightytwo.rent,available,52,4%,10,Mathematics,,,
xciii.rent,available,52,1%,5,Mathematics,,,
lxxii.rent,available,52,1%,5,Mathematics,,,
lxii.rent,available,52,1%,4,Mathematics,,,
sixtyfive.rent,available,52,3%,10,Mathematics,,,
lxxvii.rent,available,52,2%,6,Mathematics,,,
sixtysix.rent,available,52,4%,9,Mathematics,,,
abusive.rent,available,52,3%,7,"Healthcare,Law",,,
lxxiv.rent,available,52,1%,5,Mathematics,,,
abstruse.rent,available,52,5%,8,"Humanities,Mathematics,Science",,,
sixtytwo.rent,available,52,3%,9,Mathematics,,,
repugnant.rent,available,52,1%,9,Humanities,,,
lxxiii.rent,available,52,1%,6,Mathematics,,,
littlejoe.rent,available,52,2%,10,"Entertainment,Media",,,
uphill.rent,available,52,7%,6,"Sports,Transportation,Travel",,,
ninetysix.rent,available,52,4%,10,Mathematics,,,
ninetyone.rent,available,52,5%,10,Mathematics,,,
abominable.rent,available,52,2%,10,"Entertainment,Humanities",,,
odious.rent,available,52,2%,6,"Entertainment,Humanities",,,
aboulic.rent,available,52,1%,7,Medicine,,,
xcii.rent,available,52,2%,4,Mathematics,,,
repulsive.rent,available,52,1%,9,Humanities,,,
lxvi.rent,available,52,3%,4,Mathematics,,,
xcviii.rent,available,52,1%,6,Mathematics,,,
chagrined.rent,available,52,1%,9,Humanities,,,
lxxv.rent,available,52,1%,4,Mathematics,,,
ixl.rent,available,52,9%,3,Mathematics,,,
lxvii.rent,available,52,1%,5,Mathematics,,,
ninetytwo.rent,available,52,4%,10,Mathematics,,,
lxi.rent,available,52,5%,3,Mathematics,,,
sixtyfour.rent,available,52,3%,10,Mathematics,,,
lxxxi.rent,available,52,1%,5,Mathematics,,,
lxiv.rent,available,52,3%,4,Mathematics,,,
lxxi.rent,available,52,1%,4,Mathematics,,,
lxv.rent,available,52,5%,3,Mathematics,,,
ablated.rent,available,52,1%,7,Science,,,
xci.rent,available,52,4%,3,Mathematics,,,
eightyone.rent,available,52,3%,10,Mathematics,,,
lxxxvii.rent,available,52,1%,7,Mathematics,,,
abysmal.rent,available,52,4%,7,"Arts,Entertainment,Media",,,
detestable.rent,available,52,1%,10,Humanities,,,
lxviii.rent,available,52,1%,6,Mathematics,,,
lxxxiii.rent,available,52,1%,7,Mathematics,,,
xcvi.rent,available,52,2%,4,Mathematics,,,
adenoidal.rent,available,52,1%,9,"Health and Fitness,Medicine,Science",,,
xcvii.rent,available,52,1%,5,Mathematics,,,
lxxvi.rent,available,52,1%,5,Mathematics,,,
xcv.rent,available,52,7%,3,Mathematics,,,
abomasal.rent,available,50,0%,8,Agriculture,,,
abbatial.rent,available,50,0%,8,Religion,,,
vinegary.rent,available,50,1%,8,Food and Beverage,,,
abdicable.rent,available,50,0%,9,Law,,,
adactylous.rent,available,50,0%,10,Science,,,
adhominem.rent,available,50,2%,10,"Humanities,Law,Politics",,,
acellular.rent,available,50,1%,9,Science,,,
acapnotic.rent,available,50,0%,9,"Healthcare,Medicine,Science",,,
needlelike.rent,available,50,0%,10,"Engineering,Medicine,Science",,,
abranchial.rent,available,50,0%,10,Science,,,
gillless.rent,available,50,0%,9,Science,,,
acquitted.rent,available,50,1%,9,Law,,,
acaudal.rent,available,50,1%,7,"Agriculture,Science",,,
ogdoad.rent,available,50,1%,6,Mathematics,,,
acapnic.rent,available,50,0%,7,"Healthcare,Medicine,Science",,,
quint.rent,available,50,13%,5,"Arts,Entertainment",,,
acetose.rent,available,50,1%,7,Science,,,
broached.rent,available,50,0%,8,Food and Beverage,,,
scummy.rent,available,50,1%,6,Humanities,,,
acerb.rent,available,50,2%,5,Science,,,
acerbic.rent,available,50,2%,7,"Arts,Humanities,Media",,,
acerose.rent,available,50,1%,7,Science,,,
trine.rent,available,50,11%,5,"General,Religion",,,
acetous.rent,available,50,1%,7,Science,,,
abactinal.rent,available,50,0%,9,Science,,,
aculeated.rent,available,50,0%,9,"Engineering,Medicine,Science",,,
triplet.rent,available,50,8%,7,Science,,,
abducting.rent,available,50,0%,9,Medicine,,,
cinque.rent,available,50,7%,6,Mathematics,,,
lxx.rent,available,50,5%,3,Mathematics,,,
aborticide.rent,available,50,0%,10,Medicine,,,
spinous.rent,available,50,1%,7,"Agriculture,Science",,,
lxxxviii.rent,available,48,1%,8,Mathematics,,,
abstracted.rent,available,48,5%,10,"Arts,Humanities,Science",,,
apriori.rent,available,48,13%,8,Mathematics,,,
execrable.rent,available,48,0%,9,"Entertainment,Humanities",,,
ilxxx.rent,available,48,1%,5,Mathematics,,,
ilxx.rent,available,48,1%,4,Mathematics,,,
notguilty.rent,available,48,5%,10,Law,,,
abyssal.rent,available,48,12%,7,"Arts,Entertainment,Media",,,
acetylic.rent,available,46,1%,8,Science,,,
acheronian.rent,available,46,1%,10,Humanities,,,
achromous.rent,available,46,1%,9,Science,,,
acetabular.rent,available,46,1%,10,Science,,,
acanthoid.rent,available,46,1%,9,"Agriculture,Science",,,
acephalous.rent,available,46,1%,10,Science,,,
cotyloid.rent,available,46,1%,8,Science,,,
acapnial.rent,available,46,0%,8,"Healthcare,Medicine,Science",,,
achromic.rent,available,46,2%,8,Science,,,
acarpous.rent,available,46,0%,8,"Agriculture,Science",,,
vinegarish.rent,available,46,1%,10,Food and Beverage,,,
acicular.rent,available,46,2%,8,Science,,,
acanthotic.rent,available,46,0%,10,"Agriculture,Science",,,
acarpelous.rent,available,46,0%,10,"Agriculture,Science",,,
stripling.rent,available,46,2%,9,"Education,Entertainment,Healthcare",,,
quaternary.rent,available,46,3%,10,Mathematics,,,
acaudate.rent,available,46,1%,8,"Agriculture,Science",,,
acetonic.rent,available,46,1%,8,Science,,,
achenial.rent,available,46,1%,8,Science,,,
acetylenic.rent,available,46,1%,10,Science,,,
stemless.rent,available,46,2%,8,"Agriculture,Science",,,
acanthous.rent,available,46,0%,9,"Agriculture,Science",,,
theabsurd.rent,available,46,1%,10,"Arts,Entertainment,Media",,,
acherontic.rent,available,44,1%,10,Humanities,,,
cotyloidal.rent,available,44,1%,10,Science,,,
accusatory.rent,available,44,1%,10,Law,,,
abscessed.rent,available,41,0%,9,Healthcare,,,
phoebe.rent,available,41,14%,6,Science,,,
accusive.rent,available,40,1%,8,Law,,,
scurrilous.rent,available,40,1%,10,"Entertainment,Media,Politics",,,
accurst.rent,available,40,1%,7,Religion,,,